Service time,Probability,Cumulative,From,To
2,0.3,0.3,0.0,29.0
3,0.28,0.5800000000000001,30.0,57.00000000000001
4,0.25,0.8300000000000001,58.00000000000001,82.0
5,0.17,1.0,83.0,99.0
